Host IP,Hostname,Active Directory Domain Name,Process Name,Process Command Line,Process Parent Name
60.151.119.235,email-54.mitchell.com,carter-mcgrath.com,event,Front change sound could.,give
9.177.22.122,lt-37.ross-frank.com,pearson-farley.org,kitchen,Nor under at.,personal
46.50.77.128,web-14.crosby.com,white.info,level,Establish herself during.,conference
149.52.67.89,lt-42.sanders-mcguire.com,key.info,staff,Carry gas crime too sometimes.,fine
46.245.61.181,db-66.white-miller.org,ross-cannon.com,hard,Than over certain option.,southern
33.2.54.217,db-39.hoffman.org,zuniga.net,trip,Trial officer health local value heavy herself.,money
159.174.1.238,srv-20.fields-morrow.com,rodriguez-mcdowell.com,even,Long identify let also.,six
149.113.250.63,email-87.martinez.org,thomas.info,short,Despite detail line provide maybe.,democratic
49.245.243.57,desktop-85.smith-hammond.net,briggs-walker.org,organization,Ball teach off just.,visit
6.23.72.113,srv-25.brown.com,simmons-hays.com,learn,Onto speech this risk many perform professor.,language
